BEYRUU,s1
OCUNAC,s2
WEVYEE,s3
BEDYEQ,s5
DOGBEI,s6
FAWCEN,s7
OTIBUQ,s8
XEFPUV,s9
UDEMEW,s10
JEYTEP,s11
PEZCII,s12
LUQGAG,s13
UTEWUM,s14
UTEXAT,s15
FATLUJ,s16
NIRPAI,s17
IDUWAH,s18
RAKJIY,s19
YEYBOV,s20
VEGCAN,s21
VEGBUG,s22
IFUCAQ,s23
PITYUN04,s24
BUSPIP,s25
CIGXIA,s26
DOYBEA,s28
QEFXAC,s30
QEFWUV,s31
BOHKAM,s32
BOHJUF,s33
BOHXED,s34
BOHWIG,s35
BIBXIV,s36
BIBXOB,s37
BIBXUH,s38
BIBYAO,s39
BIBYES,s40
QEPQOT01,s41
VOCNOQ,s42
FIFFUX,s43
DODBUV,s44
ATOXAJ,s45
RUBTAK,s46
SURKAT,s47
CUBFOX,s48
ECIWUJ,s49
OFIWOQ,s50
OQOCAA,s51
CELZUQ,s52
CELZOK,s53
CELZIE,s54
BEVQID,s55
VOCKUT,s56
BIPLAQ,s57
DOHYIJ,s58
XOHJUA,s59
WOJJOV,s60
KIYMIP,s61
SURJOG,s62
WIZMAV,s63
RAZXIA01,s64
QOVXAC,s65
WOJGEI,s66
XAGCUE,s67
EGATOW,s68
BEPPAP,s69
BEPPIX,s70
BEYSAB,s71
NEVVAM,s72
XICZAM,s73
XICYOZ,s74
XICYUF,s75
XICYIT,s76
CIDLAE,s81
YEZKUL,s82
WIJDAV,s83
HAWYUB,s84
QAVWAN,s85
HEBJUV,s86
HEBKAC,s87
HEBKEG,s88
HEBKIK,s89
HESVOR,s90
FETSII,s91
WIKGII,s92
FEVDIV,s93
FEVDER,s94
HAHCUR,s95
YEYCOW,s96
YEYCUC,s97
YEYDAJ,s98
YEMTIV,s99
IFEROC,s100
HARPIC,s101
SURJUM,s102
SURKEX,s103
OKABEI,s104
SEVZUQ,s105
BEPPOD,s106
IFERUI,s107
VEJZOA,s108
TABLAN,u1
ORIWAP,u2
BODPAN,u3
TODYUJ,u4
PARPII,u5
QOWRAV02,u6
BOHXAZ,u7
BOHWUS,u8
ORIVUI,u9
ATOXEN,u10
FAYPAY,u11
FIJDOS,u12
JASNEX,u13
LUYSOP,u14
SUXNEF,u15
LAZXOB,u16
ESIPUR,u17
LAZXIV,u18
WUZHOR,u19
COJTOL,u20
GAWBUE,u21
RUPRUQ,u22
CIDKUX,u23
CIDLEI,u24
KEDZAX,u25
MIBQAR,u28
BABRII,u29
EDADIX,u30
FIJCUX,u31
CUMFEW,u32
XIVTED,u33
KISXIU,u34
YUVSUE,u39
BEYSEF,u40
IDIWOH02,u41
LASYOU,u42